pair,horizon,n,m_overlap,nw_truncation,dm_abs,p_abs,dm_sq,p_sq,p_bootstrap,d_ac1,d_ac_max_to_m,d_mean_half1,d_mean_half2,p_abs_holm_within,p_abs_holm_joint,p_abs_hochberg_within,p_abs_hochberg_joint,p_abs_bh_within,p_abs_bh_joint,p_sq_holm_within,p_sq_holm_joint,p_sq_hochberg_within,p_sq_hochberg_joint,p_sq_bh_within,p_sq_bh_joint
OLS-All vs Filter,1,50,1,0,0.0934,0.9259,-0.1984,0.8435,0.9256,-0.241,0.241,7.1,-6.0,0.9259,1.0,0.9259,0.9317,0.9259,0.9317,1.0,1.0,0.8435,0.8935,0.8435,0.8641
OLS-All vs Filter,3,50,1,0,-1.1507,0.2554,-0.2925,0.7712,0.2544,-0.009,0.009,3.7,-22.4,0.866,1.0,0.567,0.9317,0.3402,0.4903,1.0,1.0,0.8435,0.8935,0.8435,0.8144
OLS-All vs Filter,7,50,1,0,-1.0845,0.2835,-0.4213,0.6754,0.2842,-0.038,0.038,7.1,-37.3,0.866,1.0,0.567,0.9317,0.3402,0.4989,1.0,1.0,0.8435,0.8935,0.8435,0.788
OLS-All vs Filter,30,50,2,1,1.4388,0.1566,1.7965,0.0786,0.1666,0.371,0.371,69.7,2.4,0.783,1.0,0.567,0.9317,0.3402,0.4323,0.4716,1.0,0.4716,0.8935,0.3092,0.413
OLS-All vs Filter,90,50,6,5,1.6293,0.1097,1.4691,0.1482,0.1474,0.459,0.459,107.6,27.4,0.6582,1.0,0.567,0.9317,0.3402,0.4323,0.741,1.0,0.6184,0.8935,0.3092,0.413
OLS-All vs Filter,180,50,12,11,1.2519,0.2165,1.4459,0.1546,0.3086,0.555,0.594,123.8,12.8,0.866,1.0,0.567,0.9317,0.3402,0.4786,0.741,1.0,0.6184,0.8935,0.3092,0.413
OLS-All vs Ridge,1,50,1,0,2.0612,0.0446,2.0589,0.0448,0.0416,0.253,0.253,18.0,3.9,0.2676,1.0,0.2676,0.9317,0.247,0.4323,0.224,1.0,0.224,0.8935,0.1284,0.413
OLS-All vs Ridge,3,50,1,0,0.4996,0.6196,0.5594,0.5785,0.6208,-0.058,0.058,7.7,-1.9,0.6196,1.0,0.6196,0.9317,0.6196,0.7229,0.5785,1.0,0.5785,0.8935,0.5785,0.7146
OLS-All vs Ridge,7,50,1,0,1.2119,0.2314,1.687,0.098,0.226,-0.161,0.161,11.8,6.1,0.5252,1.0,0.4628,0.9317,0.2777,0.4859,0.294,1.0,0.294,0.8935,0.147,0.413
OLS-All vs Ridge,30,50,2,1,1.6912,0.0971,2.2714,0.0276,0.0972,0.223,0.223,43.1,-9.7,0.4855,1.0,0.4628,0.9317,0.247,0.4323,0.1656,1.0,0.1656,0.8935,0.1284,0.413
OLS-All vs Ridge,90,50,6,5,1.4105,0.1647,1.3912,0.1705,0.203,0.396,0.396,41.1,1.6,0.5252,1.0,0.4628,0.9317,0.247,0.4323,0.341,1.0,0.341,0.8935,0.2046,0.413
OLS-All vs Ridge,180,50,12,11,1.5345,0.1313,1.8936,0.0642,0.2126,0.427,0.427,29.2,9.8,0.5252,1.0,0.4628,0.9317,0.247,0.4323,0.2568,1.0,0.2568,0.8935,0.1284,0.413
Filter vs Ridge,1,50,1,0,1.4692,0.1482,1.6875,0.0979,0.1424,-0.154,0.154,10.9,9.9,0.6015,1.0,0.3016,0.9317,0.2223,0.4323,0.4895,1.0,0.3931,0.8935,0.2936,0.413
Filter vs Ridge,3,50,1,0,1.5402,0.1299,0.8616,0.3931,0.1358,-0.017,0.017,4.0,20.5,0.6015,1.0,0.3016,0.9317,0.2223,0.4323,0.6168,1.0,0.3931,0.8935,0.3931,0.5376
Filter vs Ridge,7,50,1,0,1.8739,0.0669,2.0217,0.0487,0.0634,0.104,0.104,4.7,43.4,0.4014,1.0,0.3016,0.9317,0.2223,0.4323,0.2922,1.0,0.2922,0.8935,0.2922,0.413
Filter vs Ridge,30,50,2,1,-1.0441,0.3016,-1.1775,0.2447,0.3122,0.363,0.363,-26.7,-12.1,0.6015,1.0,0.3016,0.9317,0.3016,0.5034,0.6168,1.0,0.3931,0.8935,0.2936,0.4466
Filter vs Ridge,90,50,6,5,-1.5811,0.1203,-1.4686,0.1483,0.1614,0.448,0.448,-66.5,-25.8,0.6015,1.0,0.3016,0.9317,0.2223,0.4323,0.5932,1.0,0.3931,0.8935,0.2936,0.413
Filter vs Ridge,180,50,12,11,-1.1474,0.2568,-1.2828,0.2056,0.3536,0.556,0.602,-94.6,-3.0,0.6015,1.0,0.3016,0.9317,0.3016,0.4903,0.6168,1.0,0.3931,0.8935,0.2936,0.413
Filter vs Lasso,1,50,1,0,-0.0861,0.9317,-0.1346,0.8935,0.9296,-0.264,0.264,-11.5,10.5,1.0,1.0,0.9317,0.9317,0.9317,0.9317,1.0,1.0,0.8935,0.8935,0.8935,0.8935
Filter vs Lasso,3,50,1,0,0.304,0.7624,-0.4911,0.6255,0.765,-0.018,0.018,-28.4,34.9,1.0,1.0,0.9317,0.9317,0.9149,0.8427,1.0,1.0,0.8935,0.8935,0.7506,0.7506
Filter vs Lasso,7,50,1,0,2.1099,0.04,1.2802,0.2065,0.035,0.031,0.031,17.8,45.2,0.24,1.0,0.24,0.9317,0.24,0.4323,0.972,1.0,0.7656,0.8935,0.3828,0.413
Filter vs Lasso,30,50,2,1,-0.9812,0.3313,-1.1512,0.2552,0.3532,0.432,0.432,-43.0,-12.2,0.9939,1.0,0.9317,0.9317,0.497,0.5034,0.972,1.0,0.7656,0.8935,0.3828,0.4466
Filter vs Lasso,90,50,6,5,-1.4319,0.1585,-1.3157,0.1944,0.207,0.453,0.453,-89.7,-39.2,0.7925,1.0,0.7592,0.9317,0.3796,0.4323,0.972,1.0,0.7656,0.8935,0.3828,0.413
Filter vs Lasso,180,50,12,11,-1.3295,0.1898,-1.5518,0.1272,0.2978,0.528,0.54,-116.2,-27.7,0.7925,1.0,0.7592,0.9317,0.3796,0.4689,0.7632,1.0,0.7632,0.8935,0.3828,0.413
Ridge vs Lasso,1,50,1,0,-1.6826,0.0988,-1.9107,0.0619,0.0964,0.128,0.128,-22.4,0.6,0.5928,1.0,0.5478,0.9317,0.3537,0.4323,0.3095,1.0,0.3095,0.8935,0.1857,0.413
Ridge vs Lasso,3,50,1,0,-0.9929,0.3256,-1.0592,0.2947,0.3224,0.119,0.119,-32.4,14.3,1.0,1.0,0.5478,0.9317,0.5214,0.5034,1.0,1.0,0.7258,0.8935,0.4355,0.4885
Ridge vs Lasso,7,50,1,0,0.7348,0.466,-0.2906,0.7726,0.4556,0.229,0.229,13.1,1.8,1.0,1.0,0.5478,0.9317,0.5478,0.6116,1.0,1.0,0.7726,0.8935,0.7726,0.8144
Ridge vs Lasso,30,50,2,1,-0.6053,0.5478,-0.9184,0.3629,0.567,0.367,0.367,-16.4,-0.1,1.0,1.0,0.5478,0.9317,0.5478,0.6703,1.0,1.0,0.7258,0.8935,0.4355,0.5256
Ridge vs Lasso,90,50,6,5,-0.9484,0.3476,-0.9438,0.3499,0.3976,0.411,0.411,-23.2,-13.4,1.0,1.0,0.5478,0.9317,0.5214,0.5034,1.0,1.0,0.7258,0.8935,0.4355,0.5248
Ridge vs Lasso,180,50,12,11,-1.5916,0.1179,-2.1589,0.0358,0.24,0.423,0.423,-21.7,-24.7,0.5928,1.0,0.5478,0.9317,0.3537,0.4323,0.2148,1.0,0.2148,0.8935,0.1857,0.413
Filter vs PCA,1,50,1,0,-0.7491,0.4574,-0.7773,0.4407,0.4568,0.108,0.108,-64.7,21.0,1.0,1.0,0.8677,0.9317,0.8677,0.6116,1.0,1.0,0.6956,0.8935,0.5288,0.5609
Filter vs PCA,3,50,1,0,-1.461,0.1504,-1.4181,0.1625,0.1296,0.135,0.135,-144.8,31.9,0.9024,1.0,0.8677,0.9317,0.8677,0.4323,0.975,1.0,0.6956,0.8935,0.5288,0.413
Filter vs PCA,7,50,1,0,0.1675,0.8677,0.3936,0.6956,0.8668,-0.062,0.062,-22.0,32.2,1.0,1.0,0.8677,0.9317,0.8677,0.9111,1.0,1.0,0.6956,0.8935,0.6956,0.7896
Filter vs PCA,30,50,2,1,0.3328,0.7407,0.8548,0.3968,0.7452,0.258,0.258,100.2,-64.2,1.0,1.0,0.8677,0.9317,0.8677,0.8408,1.0,1.0,0.6956,0.8935,0.5288,0.5376
Filter vs PCA,90,50,6,5,0.1749,0.8618,0.7781,0.4402,0.88,0.266,0.342,62.8,-44.7,1.0,1.0,0.8677,0.9317,0.8677,0.9111,1.0,1.0,0.6956,0.8935,0.5288,0.5609
Filter vs PCA,180,50,12,11,0.8945,0.3754,0.9939,0.3251,0.5088,0.37,0.37,75.0,31.5,1.0,1.0,0.8677,0.9317,0.8677,0.5256,1.0,1.0,0.6956,0.8935,0.5288,0.5057
PCA vs Ridge,1,50,1,0,1.0808,0.2851,1.0423,0.3024,0.274,0.154,0.154,75.6,-11.1,1.0,1.0,0.5586,0.9317,0.5091,0.4989,1.0,1.0,0.6048,0.8935,0.3629,0.4885
PCA vs Ridge,3,50,1,0,1.6997,0.0955,1.4827,0.1446,0.0932,0.16,0.16,148.8,-11.4,0.573,1.0,0.5586,0.9317,0.5091,0.4323,0.8676,1.0,0.6048,0.8935,0.3629,0.413
PCA vs Ridge,7,50,1,0,0.5889,0.5586,0.2867,0.7756,0.5596,-0.062,0.062,26.7,11.2,1.0,1.0,0.5586,0.9317,0.5586,0.6703,1.0,1.0,0.7756,0.8935,0.7756,0.8144
PCA vs Ridge,30,50,2,1,-0.6585,0.5133,-1.1705,0.2475,0.534,0.243,0.243,-126.9,52.1,1.0,1.0,0.5586,0.9317,0.5586,0.6533,1.0,1.0,0.6048,0.8935,0.3629,0.4466
PCA vs Ridge,90,50,6,5,-0.9647,0.3394,-1.2987,0.2001,0.385,0.26,0.363,-129.3,18.9,1.0,1.0,0.5586,0.9317,0.5091,0.5034,1.0,1.0,0.6048,0.8935,0.3629,0.413
PCA vs Ridge,180,50,12,11,-1.286,0.2045,-1.2868,0.2042,0.3262,0.471,0.471,-169.6,-34.4,1.0,1.0,0.5586,0.9317,0.5091,0.4772,1.0,1.0,0.6048,0.8935,0.3629,0.413
