order,seasonal_order,aic,bic,converged,fit_s,lb_p7,lb_p14,lb_p21,lb_p28,lb_p365,strategy
"(0, 0, 1)","(0, 1, 1, 7)",62358.844308534084,62377.918900913864,True,0.8,0.0,0.0,0.0,0.0,0.0,OLS-All
"(0, 0, 2)","(0, 1, 1, 7)",61576.92353370856,61602.355385571944,True,1.2,1.7044952453108893e-238,2.0712614467747624e-281,2.3535242208382314e-279,2.608886118807526e-275,0.0,OLS-All
"(1, 0, 0)","(0, 1, 1, 7)",61085.44483600937,61104.520131706464,True,1.4,3.949444786696878e-47,1.618842584235544e-55,5.416516796208048e-53,1.5097603564048263e-49,7.326934976039602e-80,OLS-All
"(1, 0, 1)","(0, 1, 1, 7)",60875.325014295115,60900.75780413482,True,1.8,3.1827901763315077e-19,6.144655440205058e-22,2.310249246786305e-19,6.672985564429665e-17,4.1862631785326704e-44,OLS-All
"(1, 0, 2)","(0, 1, 1, 7)",60852.32822083555,60884.11803566478,True,2.0,2.1466669124649466e-18,5.319409994775358e-21,2.5099556502869506e-18,6.141179944988099e-16,9.142498159240234e-43,OLS-All
"(2, 0, 0)","(0, 1, 1, 7)",60899.17693894692,60924.61066654304,True,1.8,6.847828011885516e-19,2.6715596424667565e-22,6.530637643682898e-20,1.6447367163392168e-17,5.954034299932028e-45,OLS-All
"(2, 0, 1)","(0, 1, 1, 7)",60865.26999019219,60897.06097749182,True,2.6,8.797905085530924e-15,2.8442588763570345e-17,8.395422678059964e-15,1.2246956383666322e-12,1.1680300239744652e-38,OLS-All
"(2, 0, 2)","(0, 1, 1, 7)",60934.16189860011,60972.30967639518,False,5.5,1.0975594273853658e-29,1.5188679856615166e-36,1.4124160054823096e-34,5.955586578243822e-33,1.9152175038198298e-50,OLS-All
"(3, 0, 0)","(0, 1, 1, 7)",60899.334057630695,60931.12621712585,True,1.8,3.348614508856668e-19,2.40452352373503e-22,6.897899868455548e-20,1.8150825598071754e-17,5.4065224196486466e-45,OLS-All
"(3, 0, 1)","(0, 1, 1, 7)",60845.359759775296,60883.50894453485,False,4.4,8.836238697210844e-12,1.3278795746386609e-14,1.7249074477299778e-12,1.3700566593783248e-10,3.691039439544504e-36,OLS-All
"(3, 0, 2)","(0, 1, 1, 7)",61075.651056384784,61120.156797145704,False,7.1,6.011600938451596e-26,1.447846937667219e-28,7.413102884065207e-26,2.4228884507182897e-23,1.0271867589492217e-46,OLS-All
"(1, 1, 1)","(0, 1, 1, 7)",60980.01578646079,61005.44763832417,True,2.4,2.259850244924703e-14,1.8829762114528697e-21,3.3179725261658766e-22,4.79942192187604e-21,2.2168192426668364e-45,OLS-All
"(0, 1, 1)","(0, 1, 1, 7)",61113.63139451775,61132.70528341529,True,1.3,6.419525479177023e-45,9.563547603344388e-49,2.2763842765474996e-45,4.7156786921349405e-42,1.867414835642871e-63,OLS-All
"(0, 0, 1)","(0, 1, 1, 7)",62392.64871718735,62411.72330956713,True,0.8,0.0,0.0,0.0,0.0,0.0,Filter
"(0, 0, 2)","(0, 1, 1, 7)",61604.11275453554,61629.54460639892,True,1.1,7.686450022201078e-240,1.408799913152391e-283,8.913706564895771e-282,1.5248967117756772e-277,0.0,Filter
"(1, 0, 0)","(0, 1, 1, 7)",61109.39820786748,61128.47350356458,True,1.5,2.4955662932488768e-47,3.035219445506597e-55,1.0118464536305136e-52,2.9020697053345285e-49,4.982648912096443e-79,Filter
"(1, 0, 1)","(0, 1, 1, 7)",60898.06803274584,60923.50082258554,True,1.5,5.1306705841245464e-20,1.7620148177116692e-22,6.755532941374665e-20,2.078373621188237e-17,2.3652484715063927e-44,Filter
"(1, 0, 2)","(0, 1, 1, 7)",60875.10004375875,60906.88985858798,True,2.0,4.608923778119213e-19,2.0428717219846043e-21,1.0185664324232329e-18,2.6467550793899135e-16,4.339271035422183e-43,Filter
"(2, 0, 0)","(0, 1, 1, 7)",60922.98101336406,60948.41474096018,True,1.6,1.7477880681076264e-19,1.5385448829307306e-22,3.6131580292607585e-20,8.975528788110957e-18,1.4225395921134351e-44,Filter
"(2, 0, 1)","(0, 1, 1, 7)",60885.770053028515,60917.561040328146,True,3.3,7.319158210328568e-15,3.4075733980240396e-17,1.0444917402650444e-14,1.6847551158789712e-12,1.4395755321629739e-38,Filter
"(2, 0, 2)","(0, 1, 1, 7)",61082.34388958797,61120.491667383045,False,5.8,2.4806202010192054e-07,5.022695470882552e-14,1.4125887816240072e-15,1.2081901410162063e-15,3.720114388525666e-48,Filter
"(3, 0, 0)","(0, 1, 1, 7)",60923.331265488036,60955.12342498319,True,1.9,7.648272455516445e-20,1.1290373006466837e-22,3.151261702436325e-20,8.261585284313959e-18,7.877468633576146e-45,Filter
"(3, 0, 1)","(0, 1, 1, 7)",60903.20070365348,60941.34988841303,True,3.3,6.832628703237241e-18,1.2793648624052105e-20,2.226477796360401e-18,2.91605198319434e-16,2.351586056228933e-40,Filter
"(3, 0, 2)","(0, 1, 1, 7)",60873.80805467183,60918.31379543275,False,5.1,4.358418934259193e-15,5.4457952597198905e-17,1.4365728421428698e-14,1.7911484536790217e-12,5.2108999172598505e-37,Filter
"(1, 1, 1)","(0, 1, 1, 7)",60997.969847176384,61023.401699039765,True,3.5,2.318302300686789e-14,2.635731170916757e-21,5.912640987033895e-22,1.220956445956939e-20,3.201083159019354e-45,Filter
"(0, 1, 1)","(0, 1, 1, 7)",61134.592861703175,61153.666750600714,True,1.6,3.972016296915012e-46,3.9236650155458716e-50,9.161149883314563e-47,2.3261058038954844e-43,4.58862550455141e-65,Filter
"(0, 0, 1)","(0, 1, 1, 7)",62432.4313265606,62451.505918940384,True,0.8,0.0,0.0,0.0,0.0,0.0,PCA
"(0, 0, 2)","(0, 1, 1, 7)",61631.7688392302,61657.20069109358,True,1.2,1.0294360141539174e-238,1.1398072025343607e-278,7.706639641301593e-277,8.809147016421989e-274,0.0,PCA
"(1, 0, 0)","(0, 1, 1, 7)",61106.471110901235,61125.54640659833,True,1.0,1.8695504742585913e-45,2.2763482424847067e-55,8.777136464757735e-54,5.3044693553169284e-51,1.7784244345914264e-85,PCA
"(1, 0, 1)","(0, 1, 1, 7)",60887.31024669727,60912.74303653697,True,1.3,1.1192970300669681e-18,1.7054339297778635e-22,2.7460208190074696e-20,3.009392654412869e-18,2.3260616603654716e-50,PCA
"(1, 0, 2)","(0, 1, 1, 7)",60861.76640868549,60893.55622351472,True,2.2,1.0744193335561566e-17,1.9210751582311096e-21,4.485060471086266e-19,5.042415707424307e-17,1.4917705130972617e-48,PCA
"(2, 0, 0)","(0, 1, 1, 7)",60914.58781662582,60940.02154422194,True,1.5,7.420365285491437e-18,3.1504903913766916e-22,2.5041220054923572e-20,1.6007780826816895e-18,1.6055359511742362e-50,PCA
"(2, 0, 1)","(0, 1, 1, 7)",60874.80116273726,60906.59215003689,False,3.4,3.3402389799061496e-14,8.142074982789532e-18,1.7155957238783955e-15,2.1634706793145685e-13,3.093422726363302e-43,PCA
"(2, 0, 2)","(0, 1, 1, 7)",60865.981600794476,60904.12937858955,False,3.8,1.1075444808375898e-18,1.868312092424421e-22,7.591407710919144e-20,1.3876736026764116e-17,5.1475495171846145e-48,PCA
"(3, 0, 0)","(0, 1, 1, 7)",60914.44929479462,60946.241454289775,True,1.6,2.4162660137467676e-18,1.719757108028236e-22,1.729559207144397e-20,1.2711730062919682e-18,7.286489908856353e-51,PCA
"(3, 0, 1)","(0, 1, 1, 7)",60852.70743960194,60890.85662436149,False,4.2,1.5520568240923934e-10,1.1808092666647614e-14,8.937157805159805e-13,6.631746683381834e-11,6.941491664996243e-40,PCA
"(3, 0, 2)","(0, 1, 1, 7)",60833.16256847652,60877.66830923744,False,4.8,3.6327548937089573e-10,3.125558332563896e-14,3.6214013013511642e-12,2.31947760944487e-10,3.219332412711426e-40,PCA
"(1, 1, 1)","(0, 1, 1, 7)",60970.81332084552,60996.2451727089,True,3.1,1.651443553333995e-13,3.07066979674833e-22,2.309865594789991e-23,8.661286776190117e-22,1.8974038082953194e-48,PCA
"(0, 1, 1)","(0, 1, 1, 7)",61103.2250259072,61122.29891480474,True,1.4,1.348482629269794e-44,2.492147946354945e-50,3.6507626193338267e-47,7.564485432234272e-44,5.18359191253216e-71,PCA
"(0, 0, 1)","(0, 1, 1, 7)",62257.22542581079,62276.30001819057,True,0.8,0.0,0.0,0.0,0.0,0.0,Ridge
"(0, 0, 2)","(0, 1, 1, 7)",61444.68450113,61470.116352993384,True,1.2,3.7146293038987113e-240,8.028017372054078e-283,2.484532858007807e-280,2.7737634655514986e-276,0.0,Ridge
"(1, 0, 0)","(0, 1, 1, 7)",60920.14106391661,60939.21635961371,True,1.1,6.039969087926064e-41,7.833226226512119e-48,4.087879254397945e-45,9.929191905174832e-42,1.088586793171768e-70,Ridge
"(1, 0, 1)","(0, 1, 1, 7)",60745.10865582584,60770.54144566554,True,1.7,1.1434188928304558e-19,5.652944771815056e-22,2.840129309177456e-19,8.95483296602109e-17,5.96239115613545e-44,Ridge
"(1, 0, 2)","(0, 1, 1, 7)",60720.74442913552,60752.53424396475,True,2.0,9.285971750531679e-19,7.766100631573524e-21,4.802154026823973e-18,1.2309595895395246e-15,2.03619150685383e-42,Ridge
"(2, 0, 0)","(0, 1, 1, 7)",60767.92785536387,60793.361582959995,True,1.4,3.473042029512815e-19,4.557339094134319e-22,1.6652621347084043e-19,4.575783703576863e-17,3.264942447615338e-44,Ridge
"(2, 0, 1)","(0, 1, 1, 7)",60740.67798890978,60772.46897620941,False,2.8,2.627153576945789e-15,4.169925210040433e-17,1.290934506926628e-14,1.9764834630669572e-12,1.6867058926181414e-39,Ridge
"(2, 0, 2)","(0, 1, 1, 7)",60708.389648253346,60746.53742604842,False,4.2,6.465959247635508e-14,1.2696948300886734e-16,4.610633172070563e-14,6.203460468489582e-12,2.8908699944069463e-37,Ridge
"(3, 0, 0)","(0, 1, 1, 7)",60768.639500429395,60800.43165992455,True,1.6,1.697546376985507e-19,3.6657285991731517e-22,1.5099498401383247e-19,4.3053565617599995e-17,2.08809641242166e-44,Ridge
"(3, 0, 1)","(0, 1, 1, 7)",60749.68222229671,60787.83140705626,False,4.3,1.5180226886532136e-17,4.468567866733619e-20,1.2855354303177553e-17,1.926004469359334e-15,6.366858014324773e-40,Ridge
"(3, 0, 2)","(0, 1, 1, 7)",61058.929415612576,61103.435156373496,False,6.1,1.3494305431691994e-16,4.879900663809028e-18,1.039746372296824e-15,1.8943158010763902e-13,5.380083694651951e-40,Ridge
"(1, 1, 1)","(0, 1, 1, 7)",60837.89026186135,60863.32211372473,True,2.9,1.643505526974452e-13,9.929147422846598e-20,1.1145141084784527e-20,1.134280503302696e-19,2.4254592152759294e-44,Ridge
"(0, 1, 1)","(0, 1, 1, 7)",60995.2761107455,61014.34999964304,True,1.4,5.16885439678909e-48,2.5995127482556242e-51,1.0410120120260486e-47,2.9990700927685914e-44,4.893895270183901e-66,Ridge
"(0, 0, 1)","(0, 1, 1, 7)",62347.68571935137,62366.76031173115,True,0.8,0.0,0.0,0.0,0.0,0.0,Lasso
"(0, 0, 2)","(0, 1, 1, 7)",61558.30231587526,61583.73416773864,True,1.2,2.76851157449474e-240,5.161125295611009e-283,1.2173013064269397e-280,7.195023975324622e-277,0.0,Lasso
"(1, 0, 0)","(0, 1, 1, 7)",61060.13103838731,61079.20633408441,True,1.2,8.246757900195426e-47,3.872912799235357e-55,1.3496580848442085e-52,3.027817197051219e-49,5.561090149436374e-80,Lasso
"(1, 0, 1)","(0, 1, 1, 7)",60854.28807181649,60879.72086165619,True,1.6,1.0172801600339619e-19,1.2159513118847845e-22,4.894865960927944e-20,1.2776583259283272e-17,1.0284750092746371e-45,Lasso
"(1, 0, 2)","(0, 1, 1, 7)",60831.20062808177,60862.990442911,True,2.0,6.142919088165769e-19,9.044820812675125e-22,4.42139402798986e-19,9.806049456731744e-17,2.015012085673854e-44,Lasso
"(2, 0, 0)","(0, 1, 1, 7)",60876.746763935174,60902.1804915313,True,1.5,3.225613296992186e-19,9.554411412940704e-23,2.691939147041503e-20,5.716754712679972e-18,3.0492209776638973e-46,Lasso
"(2, 0, 1)","(0, 1, 1, 7)",60844.11541176445,60875.90639906408,True,2.4,3.0841553255288303e-15,6.071810917384937e-18,1.861492546021822e-15,2.706844228940552e-13,6.121305487228458e-40,Lasso
"(2, 0, 2)","(0, 1, 1, 7)",60813.964776877314,60852.112554672385,True,4.8,1.3643629246223308e-12,5.276368673783999e-16,1.0207828881979959e-13,9.56159887589391e-12,1.517974644669857e-38,Lasso
"(3, 0, 0)","(0, 1, 1, 7)",60877.22952914434,60909.02168863949,True,1.7,1.5120327470000998e-19,7.524813329228622e-23,2.4003278976485344e-20,5.367057402771254e-18,2.1987295737848457e-46,Lasso
"(3, 0, 1)","(0, 1, 1, 7)",60858.591077805606,60896.74026256516,False,4.4,1.5765771163967737e-17,1.0934197767672053e-20,2.7839701798234206e-18,3.0060606091433834e-16,3.595675425191042e-42,Lasso
"(3, 0, 2)","(0, 1, 1, 7)",60870.802729092415,60915.308469853335,False,4.2,6.157465366023446e-15,3.3992977208599196e-18,9.422552499319664e-16,1.233561039019117e-13,1.0372621330524023e-40,Lasso
"(1, 1, 1)","(0, 1, 1, 7)",60958.637019356975,60984.068871220356,True,2.7,8.868077321125256e-15,4.360463362599305e-22,6.458427679817618e-23,9.64555183157946e-22,1.9705275635069887e-46,Lasso
"(0, 1, 1)","(0, 1, 1, 7)",61094.08888019615,61113.16276909369,True,1.3,5.5296263602173595e-46,3.661788561994523e-50,9.115453029319798e-47,1.956278641309482e-43,4.241873681147297e-66,Lasso
