variant,strategy,horizon,mape,n,delta_vs_v0,delta_vs_oracle
V0_baseline,OLS-All,1,2.765718250369042,50,0.0,0.24051825036904217
V0_baseline,OLS-All,3,3.8025125669992286,50,0.0,0.4547125669992287
V0_baseline,OLS-All,7,4.225220920477754,50,0.0,-0.12527907952224648
V0_baseline,OLS-All,30,4.768301448543354,50,0.0,-0.149898551456646
V0_baseline,OLS-All,90,5.432136395556645,50,0.0,-0.06966360444335518
V0_baseline,OLS-All,180,5.604072723018791,50,0.0,0.3599727230187906
V1_nwp_proxy,OLS-All,1,2.5362025539349062,50,-0.22951569643413583,0.011002553934906345
V1_nwp_proxy,OLS-All,3,3.372493609656317,50,-0.4300189573429116,0.02469360965631706
V1_nwp_proxy,OLS-All,7,4.225220920477754,50,0.0,-0.12527907952224648
V1_nwp_proxy,OLS-All,30,4.768301448543354,50,0.0,-0.149898551456646
V1_nwp_proxy,OLS-All,90,5.432136395556645,50,0.0,-0.06966360444335518
V1_nwp_proxy,OLS-All,180,5.604072723018791,50,0.0,0.3599727230187906
V2_ar_decay,OLS-All,1,2.6004978299601085,50,-0.1652204204089336,0.07529782996010859
V2_ar_decay,OLS-All,3,3.6249203679862716,50,-0.17759219901295697,0.2771203679862717
V2_ar_decay,OLS-All,7,4.435188573404052,50,0.2099676529262986,0.08468857340405211
V2_ar_decay,OLS-All,30,4.777173790450429,50,0.00887234190707531,-0.14102620954957068
V2_ar_decay,OLS-All,90,5.439428083708027,50,0.007291688151381592,-0.062371916291973584
V2_ar_decay,OLS-All,180,5.6097833324164075,50,0.005710609397616473,0.36568333241640705
V3_trend_clim,OLS-All,1,2.765718250369042,50,0.0,0.24051825036904217
V3_trend_clim,OLS-All,3,3.8025125669992286,50,0.0,0.4547125669992287
V3_trend_clim,OLS-All,7,4.225220920477754,50,0.0,-0.12527907952224648
V3_trend_clim,OLS-All,30,4.788680850550157,50,0.020379402006803105,-0.12951914944984289
V3_trend_clim,OLS-All,90,5.44995215876943,50,0.017815763212785107,-0.05184784123057007
V3_trend_clim,OLS-All,180,5.619163781883177,50,0.01509105886438622,0.3750637818831768
V4_pub_lag,OLS-All,1,2.8135275649271394,50,0.04780931455809734,0.2883275649271395
V4_pub_lag,OLS-All,3,3.843410126080421,50,0.040897559081192636,0.4956101260804213
V4_pub_lag,OLS-All,7,4.48912608678185,50,0.2639051663040961,0.13862608678184962
V4_pub_lag,OLS-All,30,4.924926047284586,50,0.15662459874123247,0.006726047284586478
V4_pub_lag,OLS-All,90,5.584826557896357,50,0.1526901623397121,0.08302655789635693
V4_pub_lag,OLS-All,180,5.908698534662992,50,0.3046258116442013,0.6645985346629919
V0_baseline,Filter,1,2.785708283451807,50,0.0,0.2685082834518071
V0_baseline,Filter,3,3.8558472039608565,50,0.0,0.4192472039608566
V0_baseline,Filter,7,4.287308264429582,50,0.0,-0.20269173557041853
V0_baseline,Filter,30,4.5868696895483545,50,0.0,-0.10433031045164576
V0_baseline,Filter,90,5.339265570613729,50,0.0,0.2891655706137293
V0_baseline,Filter,180,5.3802126454977435,50,0.0,0.5691126454977438
V1_nwp_proxy,Filter,1,2.540811671198769,50,-0.24489661225303783,0.02361167119876928
V1_nwp_proxy,Filter,3,3.464278938244992,50,-0.39156826571586434,0.027678938244992235
V1_nwp_proxy,Filter,7,4.287308264429582,50,0.0,-0.20269173557041853
V1_nwp_proxy,Filter,30,4.5868696895483545,50,0.0,-0.10433031045164576
V1_nwp_proxy,Filter,90,5.339265570613729,50,0.0,0.2891655706137293
V1_nwp_proxy,Filter,180,5.3802126454977435,50,0.0,0.5691126454977438
V2_ar_decay,Filter,1,2.6224263746494993,50,-0.16328190880230764,0.10522637464949947
V2_ar_decay,Filter,3,3.6823277482035093,50,-0.17351945575734717,0.2457277482035094
V2_ar_decay,Filter,7,4.480810673110222,50,0.19350240868064006,-0.00918932688977847
V2_ar_decay,Filter,30,4.601763647432197,50,0.01489395788384229,-0.08943635256780347
V2_ar_decay,Filter,90,5.342740615471101,50,0.003475044857371934,0.2926406154711012
V2_ar_decay,Filter,180,5.385570204185595,50,0.0053575586878515935,0.5744702041855954
V3_trend_clim,Filter,1,2.785708283451807,50,0.0,0.2685082834518071
V3_trend_clim,Filter,3,3.8558472039608565,50,0.0,0.4192472039608566
V3_trend_clim,Filter,7,4.287308264429582,50,0.0,-0.20269173557041853
V3_trend_clim,Filter,30,4.55598455518853,50,-0.030885134359824207,-0.13521544481146996
V3_trend_clim,Filter,90,5.31939480090877,50,-0.01987076970495849,0.2692948009087708
V3_trend_clim,Filter,180,5.364681782135233,50,-0.015530863362510416,0.5535817821352333
V4_pub_lag,Filter,1,3.1445038846446547,50,0.3587956011928477,0.6273038846446548
V4_pub_lag,Filter,3,4.071395448132121,50,0.21554824417126417,0.6347954481321207
V4_pub_lag,Filter,7,4.716940438229979,50,0.429632173800397,0.22694043822997845
V4_pub_lag,Filter,30,4.683749128265389,50,0.09687943871703464,-0.00745087173461112
V4_pub_lag,Filter,90,5.414270170937557,50,0.07500460032382783,0.3641701709375571
V4_pub_lag,Filter,180,5.785624624358133,50,0.40541197886038915,0.9745246243581329
V0_baseline,PCA,1,3.064529227954796,50,0.0,0.37162922795479636
V0_baseline,PCA,3,4.128094593484715,50,0.0,0.18249459348471442
V0_baseline,PCA,7,4.731948407667717,50,0.0,0.3127484076677174
V0_baseline,PCA,30,4.545408347245598,50,0.0,0.013108347245597507
V0_baseline,PCA,90,5.070736020479242,50,0.0,0.0763360204792427
V0_baseline,PCA,180,4.424196518305811,50,0.0,-0.033903481694189
V1_nwp_proxy,PCA,1,2.69294543305451,50,-0.37158379490028626,4.5433054510102266e-05
V1_nwp_proxy,PCA,3,3.942711713001697,50,-0.18538288048301776,-0.0028882869983033466
V1_nwp_proxy,PCA,7,4.731948407667717,50,0.0,0.3127484076677174
V1_nwp_proxy,PCA,30,4.545408347245598,50,0.0,0.013108347245597507
V1_nwp_proxy,PCA,90,5.070736020479242,50,0.0,0.0763360204792427
V1_nwp_proxy,PCA,180,4.424196518305811,50,0.0,-0.033903481694189
V2_ar_decay,PCA,1,2.937076026633676,50,-0.12745320132112026,0.2441760266336761
V2_ar_decay,PCA,3,4.001301435815931,50,-0.12679315766878396,0.055701435815930456
V2_ar_decay,PCA,7,4.701348889456197,50,-0.030599518211520405,0.282148889456197
V2_ar_decay,PCA,30,4.534815519415456,50,-0.010592827830142149,0.0025155194154553584
V2_ar_decay,PCA,90,5.067276251661476,50,-0.003459768817766218,0.07287625166147649
V2_ar_decay,PCA,180,4.4234281167963765,50,-0.0007684015094344687,-0.034671883203623466
V3_trend_clim,PCA,1,3.064529227954796,50,0.0,0.37162922795479636
V3_trend_clim,PCA,3,4.128094593484715,50,0.0,0.18249459348471442
V3_trend_clim,PCA,7,4.731948407667717,50,0.0,0.3127484076677174
V3_trend_clim,PCA,30,4.52614276961622,50,-0.019265577629377972,-0.006157230383780465
V3_trend_clim,PCA,90,5.055538774176971,50,-0.015197246302271594,0.06113877417697111
V3_trend_clim,PCA,180,4.4015706648620325,50,-0.022625853443778432,-0.05652933513796743
V4_pub_lag,PCA,1,3.026765981870691,50,-0.037763246084105084,0.3338659818706913
V4_pub_lag,PCA,3,4.072940066911075,50,-0.05515452657363973,0.1273400669110747
V4_pub_lag,PCA,7,4.640637238392469,50,-0.09131116927524818,0.2214372383924692
V4_pub_lag,PCA,30,4.5303671906425675,50,-0.015041156603030181,-0.0019328093574326743
V4_pub_lag,PCA,90,5.019898151710258,50,-0.05083786876898433,0.025498151710258377
V4_pub_lag,PCA,180,4.3564342155823415,50,-0.0677623027234695,-0.1016657844176585
V0_baseline,Ridge,1,2.720214286932102,50,0.0,0.284814286932102
V0_baseline,Ridge,3,3.8193344711568966,50,0.0,0.48853447115689663
V0_baseline,Ridge,7,4.133160517836945,50,0.0,-0.14343948216305513
V0_baseline,Ridge,30,4.639570897743137,50,0.0,-0.16362910225686367
V0_baseline,Ridge,90,5.295827255669472,50,0.0,-0.06077274433052793
V0_baseline,Ridge,180,5.407373902011084,50,0.0,0.29487390201108443
V1_nwp_proxy,Ridge,1,2.4440696030397646,50,-0.2761446838923374,0.008669603039764606
V1_nwp_proxy,Ridge,3,3.356394168271601,50,-0.46294030288529564,0.025594168271600992
V1_nwp_proxy,Ridge,7,4.133160517836945,50,0.0,-0.14343948216305513
V1_nwp_proxy,Ridge,30,4.639570897743137,50,0.0,-0.16362910225686367
V1_nwp_proxy,Ridge,90,5.295827255669472,50,0.0,-0.06077274433052793
V1_nwp_proxy,Ridge,180,5.407373902011084,50,0.0,0.29487390201108443
V2_ar_decay,Ridge,1,2.5740596134718787,50,-0.14615467346022326,0.13865961347187872
V2_ar_decay,Ridge,3,3.6244175839179835,50,-0.1949168872389131,0.29361758391798354
V2_ar_decay,Ridge,7,4.340908834682068,50,0.20774831684512307,0.06430883468206794
V2_ar_decay,Ridge,30,4.653186664848549,50,0.01361576710541268,-0.150013335151451
V2_ar_decay,Ridge,90,5.2986785139326935,50,0.0028512582632211902,-0.05792148606730674
V2_ar_decay,Ridge,180,5.413163983478818,50,0.005790081467734076,0.3006639834788185
V3_trend_clim,Ridge,1,2.720214286932102,50,0.0,0.284814286932102
V3_trend_clim,Ridge,3,3.8193344711568966,50,0.0,0.48853447115689663
V3_trend_clim,Ridge,7,4.133160517836945,50,0.0,-0.14343948216305513
V3_trend_clim,Ridge,30,4.6558062477518645,50,0.016235350008727778,-0.1473937522481359
V3_trend_clim,Ridge,90,5.3097124987871105,50,0.013885243117638169,-0.04688750121288976
V3_trend_clim,Ridge,180,5.422761183262674,50,0.015387281251589613,0.31026118326267405
V4_pub_lag,Ridge,1,2.7401946466947087,50,0.019980359762606703,0.3047946466947087
V4_pub_lag,Ridge,3,3.8614854404607315,50,0.042150969303834884,0.5306854404607315
V4_pub_lag,Ridge,7,4.397544632140754,50,0.2643841143038088,0.12094463214075368
V4_pub_lag,Ridge,30,4.715796851289804,50,0.07622595354666739,-0.08740314871019628
V4_pub_lag,Ridge,90,5.471706873315936,50,0.17587961764646387,0.11510687331593594
V4_pub_lag,Ridge,180,5.718479861237668,50,0.3111059592265839,0.6059798612376683
V0_baseline,Lasso,1,2.765477914345658,50,0.0,0.243777914345658
V0_baseline,Lasso,3,3.802703812918888,50,0.0,0.39430381291888805
V0_baseline,Lasso,7,4.224972213643292,50,0.0,0.011872213643291829
V0_baseline,Lasso,30,4.766853981049539,50,0.0,-0.07284601895046094
V0_baseline,Lasso,90,5.430909701889844,50,0.0,-0.031390298110156145
V0_baseline,Lasso,180,5.602634398625182,50,0.0,0.3450343986251818
V1_nwp_proxy,Lasso,1,2.5358097061909937,50,-0.22966820815466438,0.01410970619099361
V1_nwp_proxy,Lasso,3,3.372374316825705,50,-0.43032949609318294,-0.03602568317429489
V1_nwp_proxy,Lasso,7,4.224972213643292,50,0.0,0.011872213643291829
V1_nwp_proxy,Lasso,30,4.766853981049539,50,0.0,-0.07284601895046094
V1_nwp_proxy,Lasso,90,5.430909701889844,50,0.0,-0.031390298110156145
V1_nwp_proxy,Lasso,180,5.602634398625182,50,0.0,0.3450343986251818
V2_ar_decay,Lasso,1,2.6004176418778155,50,-0.1650602724678425,0.07871764187781549
V2_ar_decay,Lasso,3,3.6250416131837415,50,-0.1776621997351464,0.21664161318374164
V2_ar_decay,Lasso,7,4.434830511985179,50,0.20985829834188774,0.22173051198517957
V2_ar_decay,Lasso,30,4.7757231678110905,50,0.008869186761551795,-0.06397683218890915
V2_ar_decay,Lasso,90,5.438204794233195,50,0.007295092343350795,-0.02409520576680535
V2_ar_decay,Lasso,180,5.6083434167651705,50,0.005709018139988586,0.3507434167651704
V3_trend_clim,Lasso,1,2.765477914345658,50,0.0,0.243777914345658
V3_trend_clim,Lasso,3,3.802703812918888,50,0.0,0.39430381291888805
V3_trend_clim,Lasso,7,4.224972213643292,50,0.0,0.011872213643291829
V3_trend_clim,Lasso,30,4.787140104118008,50,0.020286123068469664,-0.05255989588199128
V3_trend_clim,Lasso,90,5.448643920242893,50,0.017734218353049336,-0.01365607975710681
V3_trend_clim,Lasso,180,5.617656383924566,50,0.015021985299384255,0.36005638392456607
V4_pub_lag,Lasso,1,2.8138561434748124,50,0.04837822912915435,0.29215614347481234
V4_pub_lag,Lasso,3,3.843865068867227,50,0.04116125594833919,0.43546506886722725
V4_pub_lag,Lasso,7,4.488894056712648,50,0.2639218430693564,0.27579405671264823
V4_pub_lag,Lasso,30,4.923297717394094,50,0.15644373634455544,0.0835977173940945
V4_pub_lag,Lasso,90,5.583533210300161,50,0.15262350841031758,0.12123321030016143
V4_pub_lag,Lasso,180,5.907415625848959,50,0.3047812272237769,0.6498156258489587
