strategy,window,feature,coef
OLS-All,train,temp_c,-76.29395284639281
OLS-All,train,wind_ms,-7.101585174695742
OLS-All,train,precip_mm,39.655821455860725
OLS-All,train,sunshine_h,-129.3821677904429
OLS-All,train,global_rad,31.180240753809045
OLS-All,train,pressure_hpa,-33.93349912082918
OLS-All,train,humidity_pct,-28.29812494124502
OLS-All,train,cloudiness,-23.59197396758602
OLS-All,train,nao,45.70704703229903
OLS-All,train,price_eur_kwh,-17.250249669979148
OLS-All,train,gdp_mln_eur,352.3931018582891
OLS-All,train,population,351.98382150583444
OLS-All,train,wind_energy_gwh,-220.22479470486437
OLS-All,train,solar_energy_gwh,-478.54095498330355
OLS-All,train,day_of_week,-2.294494598495182
OLS-All,train,month,-24.840670010687262
OLS-All,train,is_weekend,-1787.1117740408274
OLS-All,train,is_holiday,-1608.1534238115325
OLS-All,train,sin1_ann,29.150756942780177
OLS-All,train,cos1_ann,748.029289478772
OLS-All,train,sin2_ann,-2.858043939013671
OLS-All,train,cos2_ann,301.3756622247209
OLS-All,train+val,temp_c,-108.54805784131374
OLS-All,train+val,wind_ms,-2.258449831165194
OLS-All,train+val,precip_mm,48.774021663983696
OLS-All,train+val,sunshine_h,-143.83779992437573
OLS-All,train+val,global_rad,18.021619609550086
OLS-All,train+val,pressure_hpa,-19.159194002089087
OLS-All,train+val,humidity_pct,-9.12441274595625
OLS-All,train+val,cloudiness,3.7358596325593005
OLS-All,train+val,nao,71.64013448615815
OLS-All,train+val,price_eur_kwh,8.52230350908436
OLS-All,train+val,gdp_mln_eur,-84.85441394879066
OLS-All,train+val,population,680.8661714412722
OLS-All,train+val,wind_energy_gwh,-263.8776449268437
OLS-All,train+val,solar_energy_gwh,-351.56315634745647
OLS-All,train+val,day_of_week,-4.2802584780978155
OLS-All,train+val,month,-26.067387771207336
OLS-All,train+val,is_weekend,-1710.036445113006
OLS-All,train+val,is_holiday,-1501.136314733822
OLS-All,train+val,sin1_ann,35.40458547910808
OLS-All,train+val,cos1_ann,721.331802755125
OLS-All,train+val,sin2_ann,20.445284411940335
OLS-All,train+val,cos2_ann,253.4452318715087
OLS-All,train+val+test,temp_c,-118.71054844654134
OLS-All,train+val+test,wind_ms,11.802913638385462
OLS-All,train+val+test,precip_mm,35.793061226982616
OLS-All,train+val+test,sunshine_h,-183.72158568588605
OLS-All,train+val+test,global_rad,69.38786061400572
OLS-All,train+val+test,pressure_hpa,-26.416332020189657
OLS-All,train+val+test,humidity_pct,20.225870814754842
OLS-All,train+val+test,cloudiness,-24.24067524272467
OLS-All,train+val+test,nao,89.0094393436348
OLS-All,train+val+test,price_eur_kwh,44.914328104968234
OLS-All,train+val+test,gdp_mln_eur,309.6828313478244
OLS-All,train+val+test,population,161.0876022101966
OLS-All,train+val+test,wind_energy_gwh,-159.21479078105915
OLS-All,train+val+test,solar_energy_gwh,-319.5944977353239
OLS-All,train+val+test,day_of_week,-5.56045524879388
OLS-All,train+val+test,month,-27.10247815209445
OLS-All,train+val+test,is_weekend,-1665.7926431066226
OLS-All,train+val+test,is_holiday,-1460.8012879904345
OLS-All,train+val+test,sin1_ann,-39.741935067157755
OLS-All,train+val+test,cos1_ann,682.7385278488094
OLS-All,train+val+test,sin2_ann,11.086361101227514
OLS-All,train+val+test,cos2_ann,322.9465386090482
Filter,train,temp_c,-70.5298994953713
Filter,train,wind_ms,-7.374029439696756
Filter,train,precip_mm,37.56620819187226
Filter,train,global_rad,-112.82308609449358
Filter,train,pressure_hpa,-35.03205959017845
Filter,train,humidity_pct,-28.726254937607777
Filter,train,cloudiness,9.974159296515111
Filter,train,nao,56.25153366264201
Filter,train,price_eur_kwh,-57.16542506946683
Filter,train,gdp_mln_eur,637.5960059678217
Filter,train,wind_energy_gwh,-190.6818974469815
Filter,train,solar_energy_gwh,-442.57931109113593
Filter,train,day_of_week,-1.8233011108326775
Filter,train,month,-27.004223416583642
Filter,train,is_weekend,-1788.9133680893915
Filter,train,is_holiday,-1606.510261699036
Filter,train,sin1_ann,44.31459919200461
Filter,train,cos1_ann,653.4682725104376
Filter,train,sin2_ann,-15.760716262095984
Filter,train,cos2_ann,353.5105541523222
Filter,train+val,temp_c,-97.08787186344071
Filter,train+val,wind_ms,-5.853466607108146
Filter,train+val,precip_mm,49.757854114976524
Filter,train+val,global_rad,-124.09582186634113
Filter,train+val,pressure_hpa,-20.63322934836026
Filter,train+val,humidity_pct,-31.797141726747128
Filter,train+val,cloudiness,70.64313058232193
Filter,train+val,nao,107.77169822052147
Filter,train+val,price_eur_kwh,-25.365252712088875
Filter,train+val,gdp_mln_eur,454.78059784340405
Filter,train+val,wind_energy_gwh,-253.24820322214248
Filter,train+val,solar_energy_gwh,-380.253332924024
Filter,train+val,day_of_week,-3.5878399869615816
Filter,train+val,month,-29.00510886581546
Filter,train+val,is_weekend,-1711.7863232223115
Filter,train+val,is_holiday,-1497.3522953473787
Filter,train+val,sin1_ann,38.23852066751307
Filter,train+val,cos1_ann,608.6268791730105
Filter,train+val,sin2_ann,12.719942407055616
Filter,train+val,cos2_ann,351.7838402289316
Filter,train+val+test,temp_c,-106.66621972294676
Filter,train+val+test,wind_ms,7.865494834691219
Filter,train+val+test,precip_mm,34.656244093769374
Filter,train+val+test,global_rad,-134.30272306260213
Filter,train+val+test,pressure_hpa,-27.129405851999017
Filter,train+val+test,humidity_pct,14.05194416897119
Filter,train+val+test,cloudiness,30.26431355101399
Filter,train+val+test,nao,96.19747636243115
Filter,train+val+test,price_eur_kwh,37.34414556055769
Filter,train+val+test,gdp_mln_eur,417.57578875902
Filter,train+val+test,wind_energy_gwh,-155.49928143478598
Filter,train+val+test,solar_energy_gwh,-319.9623324128145
Filter,train+val+test,day_of_week,-4.949979802310936
Filter,train+val+test,month,-27.591603104184315
Filter,train+val+test,is_weekend,-1667.7267224207635
Filter,train+val+test,is_holiday,-1455.0607490413486
Filter,train+val+test,sin1_ann,-18.561894230533717
Filter,train+val+test,cos1_ann,573.4778546701682
Filter,train+val+test,sin2_ann,2.0748672883714976
Filter,train+val+test,cos2_ann,356.2280031253787
Ridge,train,temp_c,-82.61377478303211
Ridge,train,wind_ms,-6.250593271516929
Ridge,train,precip_mm,38.01408566424867
Ridge,train,sunshine_h,-109.97695000574873
Ridge,train,global_rad,1.6435428977850277
Ridge,train,pressure_hpa,-34.13661177370418
Ridge,train,humidity_pct,-26.717716631707738
Ridge,train,cloudiness,-20.299758474766147
Ridge,train,nao,47.13827931342337
Ridge,train,price_eur_kwh,-16.75811940244815
Ridge,train,gdp_mln_eur,346.80298123684014
Ridge,train,population,341.75776962706533
Ridge,train,wind_energy_gwh,-208.39090888848537
Ridge,train,solar_energy_gwh,-470.7063312679955
Ridge,train,day_of_week,-11.603498787457278
Ridge,train,month,-25.198259924736345
Ridge,train,is_weekend,-1735.0053047114393
Ridge,train,is_holiday,-1476.6950560177336
Ridge,train,sin1_ann,23.533964569927846
Ridge,train,cos1_ann,711.982766983373
Ridge,train,sin2_ann,-0.9083264793857648
Ridge,train,cos2_ann,300.20076017980085
Ridge,train+val,temp_c,-112.66674127365458
Ridge,train+val,wind_ms,-1.3295822920184457
Ridge,train+val,precip_mm,47.36762891441674
Ridge,train+val,sunshine_h,-127.58556276503532
Ridge,train+val,global_rad,-6.751161720998225
Ridge,train+val,pressure_hpa,-19.370257201561962
Ridge,train+val,humidity_pct,-8.64739975354983
Ridge,train+val,cloudiness,6.528274498118303
Ridge,train+val,nao,73.64398700497591
Ridge,train+val,price_eur_kwh,7.771008016295866
Ridge,train+val,gdp_mln_eur,-75.09387629634485
Ridge,train+val,population,664.0929448353354
Ridge,train+val,wind_energy_gwh,-260.36516283601884
Ridge,train+val,solar_energy_gwh,-351.29274094126896
Ridge,train+val,day_of_week,-11.651786646169306
Ridge,train+val,month,-26.394136927729665
Ridge,train+val,is_weekend,-1669.0510113302823
Ridge,train+val,is_holiday,-1397.1199509919916
Ridge,train+val,sin1_ann,32.07256073511592
Ridge,train+val,cos1_ann,692.1101135828151
Ridge,train+val,sin2_ann,21.874257880561107
Ridge,train+val,cos2_ann,255.3674960131275
Ridge,train+val+test,temp_c,-121.56882499732053
Ridge,train+val+test,wind_ms,12.05653810713754
Ridge,train+val+test,precip_mm,34.57194758225894
Ridge,train+val+test,sunshine_h,-167.5707321621241
Ridge,train+val+test,global_rad,44.36218610521406
Ridge,train+val+test,pressure_hpa,-26.591374271131404
Ridge,train+val+test,humidity_pct,20.292987298540144
Ridge,train+val+test,cloudiness,-22.027012289147837
Ridge,train+val+test,nao,89.8316614216794
Ridge,train+val+test,price_eur_kwh,44.7824862156879
Ridge,train+val+test,gdp_mln_eur,303.0822521653177
Ridge,train+val+test,population,162.16521738684546
Ridge,train+val+test,wind_energy_gwh,-155.17199465880964
Ridge,train+val+test,solar_energy_gwh,-317.52235739606834
Ridge,train+val+test,day_of_week,-11.66577240305517
Ridge,train+val+test,month,-27.117057997482146
Ridge,train+val+test,is_weekend,-1631.7206703745592
Ridge,train+val+test,is_holiday,-1375.3914824145118
Ridge,train+val+test,sin1_ann,-40.81995905772458
Ridge,train+val+test,cos1_ann,657.9362926721881
Ridge,train+val+test,sin2_ann,12.517633690538988
Ridge,train+val+test,cos2_ann,322.13078396684693
Lasso,train,temp_c,-79.19131780792334
Lasso,train,precip_mm,35.30988529413327
Lasso,train,sunshine_h,-99.38302540087905
Lasso,train,global_rad,40.66497890620282
Lasso,train,pressure_hpa,-31.964550543913795
Lasso,train,nao,46.74255734906588
Lasso,train,gdp_mln_eur,303.3988753905755
Lasso,train,population,397.06604141377636
Lasso,train,wind_energy_gwh,-216.80871519218232
Lasso,train,solar_energy_gwh,-476.0847541409559
Lasso,train,day_of_week,-2.2025282551898604
Lasso,train,month,-23.690193231258913
Lasso,train,is_weekend,-1786.2789773342154
Lasso,train,is_holiday,-1604.922617603861
Lasso,train,sin1_ann,29.244444363102648
Lasso,train,cos1_ann,747.5327831157492
Lasso,train,sin2_ann,0.865424519540276
Lasso,train,cos2_ann,291.8065211822348
Lasso,train+val,temp_c,-107.05747652066509
Lasso,train+val,precip_mm,47.35028874391861
Lasso,train+val,sunshine_h,-146.9207581101165
Lasso,train+val,global_rad,25.832795912318787
Lasso,train+val,pressure_hpa,-19.79596574363736
Lasso,train+val,nao,71.28316263325169
Lasso,train+val,gdp_mln_eur,-69.16764024033736
Lasso,train+val,population,661.8523052012747
Lasso,train+val,wind_energy_gwh,-261.87924742006163
Lasso,train+val,solar_energy_gwh,-351.33583484857917
Lasso,train+val,day_of_week,-4.331050985632278
Lasso,train+val,month,-26.90300046001369
Lasso,train+val,is_weekend,-1709.7136178218263
Lasso,train+val,is_holiday,-1500.3109940257768
Lasso,train+val,sin1_ann,38.49046191067593
Lasso,train+val,cos1_ann,724.1593834027609
Lasso,train+val,sin2_ann,21.275844056418567
Lasso,train+val,cos2_ann,255.134237456643
Lasso,train+val+test,temp_c,-118.13628413264928
Lasso,train+val+test,precip_mm,38.404618891594126
Lasso,train+val+test,sunshine_h,-160.83456589151757
Lasso,train+val+test,global_rad,48.87740581003415
Lasso,train+val+test,pressure_hpa,-30.77685905335891
Lasso,train+val+test,nao,83.58293205766338
Lasso,train+val+test,gdp_mln_eur,367.9215889940211
Lasso,train+val+test,population,26.269233297890082
Lasso,train+val+test,wind_energy_gwh,-105.20675274282128
Lasso,train+val+test,solar_energy_gwh,-299.2015832239815
Lasso,train+val+test,day_of_week,-5.399990129483991
Lasso,train+val+test,month,-30.954386306409315
Lasso,train+val+test,is_weekend,-1666.0992434793586
Lasso,train+val+test,is_holiday,-1463.126707010472
Lasso,train+val+test,sin1_ann,-38.94983512406736
Lasso,train+val+test,cos1_ann,664.7927429254128
Lasso,train+val+test,sin2_ann,4.626282615385443
Lasso,train+val+test,cos2_ann,334.0131107546968
